Fecha,TRM (COP)
2021-06-09,3597.18
2021-06-10,3588.41
2021-06-11,3589.86
2021-06-12,3626.02
2021-06-16,3693.35
2021-06-17,3690.56
2021-06-18,3730.45
2021-06-19,3753.77
2021-06-22,3758.08
2021-06-23,3784.45
2021-06-24,3773.11
2021-06-25,3770.35
2021-06-26,3739.03
2021-06-29,3713.17
2021-06-30,3756.67
2021-07-01,3748.50
2021-07-02,3775.53
2021-07-03,3777.17
2021-07-07,3782.27
2021-07-08,3815.22
2021-07-09,3850.46
2021-07-10,3829.46
2021-07-13,3824.08
2021-07-14,3826.85
2021-07-15,3796.07
2021-07-16,3809.07
2021-07-17,3808.46
2021-07-20,3842.97
2021-07-22,3855.68
2021-07-23,3866.86
2021-07-24,3874.44
2021-07-27,3904.17
2021-07-28,3918.49
2021-07-29,3902.18
2021-07-30,3836.95
2021-07-31,3867.88
2021-08-03,3865.46
2021-08-04,3913.59
2021-08-05,3911.36
2021-08-06,3910.81
2021-08-07,3949.33
2021-08-10,3988.27
2021-08-11,3979.80
2021-08-12,3950.43
2021-08-13,3887.07
2021-08-14,3830.25
2021-08-18,3868.41
2021-08-19,3861.33
2021-08-20,3876.08
2021-08-21,3874.95
2021-08-24,3867.73
2021-08-25,3861.88
2021-08-26,3865.04
2021-08-27,3870.57
2021-08-28,3834.13
2021-08-31,3806.87
2021-09-01,3774.00
2021-09-02,3753.30
2021-09-03,3780.85
2021-09-04,3790.04
2021-09-08,3812.76
2021-09-09,3816.14
2021-09-10,3829.72
2021-09-11,3836.85
2021-09-14,3835.27
2021-09-15,3830.83
2021-09-16,3825.36
2021-09-17,3818.16
2021-09-18,3828.18
2021-09-21,3851.22
2021-09-22,3843.77
2021-09-23,3834.66
2021-09-24,3835.67
2021-09-25,3844.88
2021-09-28,3837.91
2021-09-29,3841.94
2021-09-30,3834.68
2021-10-01,3812.77
2021-10-02,3781.35
2021-10-05,3786.05
2021-10-06,3796.30
2021-10-07,3788.03
2021-10-08,3772.44
2021-10-09,3765.80
2021-10-13,3738.48
2021-10-14,3725.75
2021-10-15,3755.29
2021-10-16,3772.49
2021-10-20,3766.94
2021-10-21,3770.58
2021-10-22,3783.30
2021-10-23,3780.38
2021-10-26,3769.98
2021-10-27,3774.46
2021-10-28,3761.21
2021-10-29,3766.10
2021-10-30,3784.44
2021-11-03,3778.69
2021-11-04,3837.84
2021-11-05,3847.40
2021-11-06,3881.76
2021-11-09,3874.41
2021-11-10,3876.86
2021-11-11,3875.38
2021-11-13,3888.53
2021-11-17,3898.84
2021-11-18,3907.95
2021-11-19,3943.43
2021-11-20,3923.53
2021-11-23,3913.26
2021-11-24,3944.37
2021-11-25,3969.49
2021-11-27,4008.13
2021-11-30,4010.98
2021-12-01,4004.54
2021-12-02,3953.26
2021-12-03,3945.18
2021-12-04,3948.33
2021-12-07,3944.00
2021-12-08,3906.10
2021-12-10,3899.87
2021-12-11,3887.71
2021-12-14,3886.87
2021-12-15,3936.41
2021-12-16,3990.27
2021-12-17,4002.97
2021-12-18,3999.85
2021-12-21,4002.12
2021-12-22,3996.28
2021-12-23,3997.71
2021-12-24,3997.09
2021-12-25,3994.15
2021-12-28,3989.41
2021-12-29,4004.00
2021-12-30,4023.68
2021-12-31,3981.16
2022-01-04,4082.75
2022-01-05,4084.11
2022-01-06,4042.36
2022-01-07,4039.31
2022-01-08,4043.46
2022-01-12,4011.65
2022-01-13,3970.08
2022-01-14,3950.40
2022-01-15,3993.65
2022-01-19,4033.37
2022-01-20,4003.95
2022-01-21,3980.80
2022-01-22,3964.30
2022-01-25,3977.51
2022-01-26,3987.32
2022-01-27,3947.83
2022-01-28,3944.04
2022-01-29,3982.60
2022-02-01,3942.73
2022-02-02,3923.61
2022-02-03,3928.05
2022-02-04,3951.96
2022-02-05,3962.68
2022-02-08,3963.84
2022-02-09,3965.41
2022-02-10,3939.31
2022-02-11,3917.75
2022-02-12,3917.52
2022-02-15,3938.97
2022-02-16,3946.88
2022-02-17,3963.72
2022-02-18,3953.26
2022-02-19,3927.25
2022-02-23,3932.40
2022-02-24,3913.79
2022-02-25,3940.20
2022-02-26,3910.64
2022-03-01,3910.28
2022-03-02,3901.62
2022-03-03,3862.95
2022-03-04,3771.77
2022-03-05,3806.11
2022-03-08,3813.41
2022-03-09,3787.18
2022-03-10,3746.43
2022-03-11,3786.00
2022-03-12,3827.64
2022-03-15,3800.85
2022-03-16,3836.56
2022-03-17,3826.89
2022-03-18,3816.43
2022-03-19,3820.67
2022-03-23,3765.67
2022-03-24,3756.64
2022-03-25,3798.90
2022-03-26,3785.66
2022-03-29,3785.70
2022-03-30,3765.96
2022-03-31,3748.15
2022-04-01,3756.03
2022-04-02,3774.79
2022-04-05,3706.95
2022-04-06,3723.79
2022-04-07,3746.51
2022-04-08,3771.83
2022-04-09,3777.41
2022-04-12,3744.16
2022-04-13,3736.70
2022-04-14,3737.32
2022-04-19,3731.31
2022-04-20,3755.85
2022-04-21,3758.65
2022-04-22,3759.54
2022-04-23,3819.07
2022-04-26,3931.74
2022-04-27,3947.63
2022-04-28,3967.32
2022-04-29,3984.77
2022-04-30,3966.27
2022-05-03,4004.07
2022-05-04,4016.34
2022-05-05,4056.41
2022-05-06,4086.08
2022-05-07,4053.93
2022-05-10,4085.76
2022-05-11,4086.71
2022-05-12,4080.32
2022-05-13,4109.71
2022-05-14,4110.53
2022-05-17,4070.25
2022-05-18,4033.85
2022-05-19,4054.71
2022-05-20,4050.88
2022-05-21,3989.84
2022-05-24,3950.35
2022-05-25,3971.28
2022-05-26,3959.05
2022-05-27,3930.89
2022-05-28,3912.34
2022-06-01,3776.52
2022-06-02,3791.74
2022-06-03,3784.98
2022-06-04,3771.63
2022-06-07,3799.50
2022-06-08,3790.88
2022-06-09,3782.65
2022-06-10,3833.34
2022-06-11,3912.51
2022-06-14,4016.50
2022-06-15,3979.30
2022-06-16,3923.96
2022-06-17,3912.15
2022-06-18,3905.05
2022-06-22,4026.92
2022-06-23,4026.52
2022-06-24,4068.75
2022-06-25,4129.87
2022-06-29,4089.72
2022-06-30,4127.47
2022-07-01,4151.21
2022-07-02,4198.77
2022-07-06,4259.86
2022-07-07,4348.68
2022-07-08,4369.70
2022-07-09,4388.27
2022-07-12,4513.28
2022-07-13,4627.46
2022-07-14,4558.05
2022-07-15,4519.65
2022-07-16,4395.63
2022-07-19,4315.41
2022-07-20,4303.34
2022-07-22,4410.14
2022-07-23,4423.86
2022-07-26,4461.63
2022-07-27,4445.01
2022-07-28,4420.75
2022-07-29,4375.51
2022-07-30,4300.30
2022-08-02,4245.99
2022-08-03,4313.30
2022-08-04,4331.15
2022-08-05,4268.30
2022-08-06,4337.28
2022-08-09,4307.09
2022-08-10,4309.69
2022-08-11,4273.82
2022-08-12,4231.45
2022-08-13,4185.49
2022-08-17,4218.48
2022-08-18,4316.47
2022-08-19,4413.86
2022-08-20,4400.25
2022-08-23,4399.16
2022-08-24,4374.45
2022-08-25,4380.19
2022-08-26,4407.95
2022-08-27,4388.02
2022-08-30,4386.13
2022-08-31,4400.16
2022-09-01,4422.77
2022-09-02,4467.03
2022-09-03,4466.73
2022-09-07,4480.10
2022-09-08,4446.36
2022-09-09,4396.69
2022-09-10,4365.32
2022-09-13,4346.91
2022-09-14,4413.89
2022-09-15,4389.80
2022-09-16,4404.64
2022-09-17,4435.84
2022-09-20,4415.11
2022-09-21,4420.38
2022-09-22,4403.82
2022-09-23,4379.80
2022-09-24,4426.47
2022-09-27,4496.99
2022-09-28,4556.42
2022-09-29,4486.94
2022-09-30,4532.07
2022-10-01,4590.54
2022-10-04,4545.66
2022-10-05,4484.74
2022-10-06,4548.89
2022-10-07,4627.61
2022-10-08,4605.29
2022-10-12,4611.88
2022-10-13,4611.18
2022-10-14,4619.78
2022-10-15,4636.83
2022-10-19,4744.04
2022-10-20,4815.09
2022-10-21,4885.50
2022-10-22,4913.24
2022-10-25,4968.94
2022-10-26,4948.14
2022-10-27,4895.29
2022-10-28,4821.92
2022-10-29,4819.42
2022-11-01,4898.74
2022-11-02,4975.58
2022-11-03,5015.84
2022-11-04,5058.02
2022-11-05,5061.21
2022-11-09,5013.20
2022-11-10,4914.71
2022-11-11,4806.07
2022-11-16,4801.06
2022-11-17,4922.70
2022-11-18,5022.03
2022-11-19,4994.61
2022-11-22,4958.42
2022-11-23,4914.34
2022-11-24,4875.91
2022-11-26,4881.41
2022-11-29,4840.60
2022-11-30,4809.51
2022-12-01,4815.59
2022-12-02,4779.06
2022-12-03,4767.19
2022-12-06,4812.37
2022-12-07,4818.32
2022-12-08,4825.83
2022-12-10,4815.99
2022-12-13,4836.24
2022-12-14,4791.57
2022-12-15,4778.28
2022-12-16,4797.02
2022-12-17,4802.48
2022-12-20,4781.28
2022-12-21,4769.29
2022-12-22,4761.64
2022-12-23,4760.61
2022-12-24,4745.04
2022-12-28,4766.82
2022-12-29,4765.92
2022-12-30,4810.20
2023-01-04,4842.26
2023-01-05,4924.00
2023-01-06,4989.58
2023-01-07,4885.66
2023-01-11,4807.85
2023-01-12,4748.54
2023-01-13,4692.04
2023-01-14,4693.99
2023-01-18,4691.09
2023-01-19,4702.67
2023-01-20,4683.85
2023-01-21,4631.64
2023-01-24,4551.02
2023-01-25,4545.94
2023-01-26,4538.91
2023-01-27,4531.75
2023-01-28,4548.50
2023-01-31,4632.20
2023-02-01,4648.70
2023-02-02,4639.04
2023-02-03,4584.44
2023-02-04,4669.74
2023-02-07,4776.25
2023-02-08,4775.99
2023-02-09,4769.85
2023-02-10,4742.05
2023-02-11,4777.73
2023-02-14,4818.62
2023-02-15,4783.24
2023-02-16,4878.24
2023-02-17,4966.33
2023-02-18,4918.94
2023-02-22,4950.33
2023-02-23,4924.91
2023-02-24,4853.90
2023-02-25,4849.65
2023-02-28,4808.14
2023-03-01,4814.11
2023-03-02,4848.78
2023-03-03,4855.83
2023-03-04,4780.89
2023-03-07,4734.42
2023-03-08,4744.95
2023-03-09,4755.59
2023-03-10,4748.61
2023-03-11,4748.14
2023-03-14,4769.76
2023-03-15,4736.03
2023-03-16,4835.51
2023-03-17,4866.50
2023-03-18,4824.25
2023-03-22,4804.29
2023-03-23,4776.09
2023-03-24,4755.12
2023-03-25,4741.76
2023-03-28,4686.83
2023-03-29,4658.79
2023-03-30,4627.63
2023-03-31,4627.27
2023-04-01,4646.08
2023-04-04,4603.00
2023-04-05,4587.31
2023-04-06,4570.91
2023-04-11,4564.24
2023-04-12,4516.76
2023-04-13,4458.87
2023-04-14,4424.02
2023-04-15,4425.27
2023-04-18,4431.45
2023-04-19,4473.07
2023-04-20,4532.43
2023-04-21,4535.78
2023-04-22,4523.64
2023-04-25,4482.45
2023-04-26,4486.60
2023-04-27,4552.59
2023-04-28,4654.14
2023-04-29,4669.00
2023-05-03,4713.08
2023-05-04,4667.09
2023-05-05,4616.58
2023-05-06,4552.56
2023-05-09,4490.58
2023-05-10,4540.34
2023-05-11,4545.39
2023-05-12,4601.15
2023-05-13,4564.44
2023-05-16,4506.49
2023-05-17,4531.58
2023-05-18,4528.30
2023-05-19,4521.64
2023-05-20,4528.67
2023-05-24,4501.81
2023-05-25,4448.93
2023-05-26,4470.83
2023-05-27,4461.66
2023-05-31,4408.65
2023-06-01,4434.09
2023-06-02,4410.49
2023-06-03,4355.80
2023-06-06,4307.02
2023-06-07,4245.00
2023-06-08,4209.14
2023-06-09,4179.98
2023-06-10,4173.66
2023-06-14,4186.30
2023-06-15,4182.33
2023-06-16,4164.66
2023-06-17,4145.72
2023-06-21,4149.18
2023-06-22,4158.21
2023-06-23,4114.39
2023-06-24,4168.88
2023-06-27,4172.33
2023-06-28,4152.48
2023-06-29,4169.60
2023-06-30,4191.28
2023-07-01,4177.58
2023-07-06,4128.08
2023-07-07,4195.93
2023-07-08,4189.96
2023-07-11,4154.06
2023-07-12,4193.59
2023-07-13,4128.67
2023-07-14,4102.13
2023-07-15,4089.30
2023-07-18,4069.39
2023-07-19,3991.15
2023-07-20,3980.20
2023-07-22,3971.38
2023-07-25,3950.58
2023-07-26,3978.83
2023-07-27,3951.10
2023-07-28,3932.04
2023-07-29,3923.49
2023-08-01,3898.48
2023-08-02,4007.44
2023-08-03,4056.99
2023-08-04,4144.79
2023-08-05,4077.90
2023-08-09,4076.46
2023-08-10,4031.65
2023-08-11,3955.23
2023-08-12,3973.41
2023-08-15,4029.95
2023-08-16,4096.08
2023-08-17,4130.33
2023-08-18,4093.96
2023-08-19,4124.04
2023-08-23,4120.07
2023-08-24,4085.89
2023-08-25,4076.90
2023-08-26,4117.78
2023-08-29,4111.52
2023-08-30,4110.08
2023-08-31,4085.33
2023-09-01,4099.20
2023-09-02,4063.36
2023-09-06,4089.46
2023-09-07,4093.04
2023-09-08,4045.83
2023-09-09,4012.26
2023-09-12,3997.74
2023-09-13,3993.53
2023-09-14,3950.92
2023-09-15,3926.59
2023-09-16,3928.28
2023-09-19,3905.95
2023-09-20,3902.54
2023-09-21,3907.21
2023-09-22,3948.25
2023-09-23,3948.70
2023-09-26,4052.54
2023-09-27,4068.73
2023-09-28,4093.60
2023-09-29,4085.57
2023-09-30,4053.76
2023-10-03,4141.43
2023-10-04,4187.01
2023-10-05,4252.09
2023-10-06,4359.40
2023-10-07,4386.66
2023-10-11,4231.97
2023-10-12,4212.50
2023-10-13,4230.61
2023-10-14,4249.00
2023-10-18,4222.09
2023-10-19,4227.39
2023-10-20,4249.71
2023-10-21,4238.85
2023-10-24,4221.39
2023-10-25,4213.97
2023-10-26,4201.53
2023-10-27,4154.94
2023-10-28,4120.62
2023-10-31,4060.83
2023-11-01,4114.29
2023-11-02,4117.71
2023-11-03,4047.11
2023-11-04,3975.09
2023-11-08,4005.06
2023-11-09,4065.79
2023-11-10,4056.94
2023-11-11,4037.19
2023-11-15,3963.57
2023-11-16,3976.84
2023-11-17,4077.44
2023-11-18,4116.59
2023-11-21,4033.83
2023-11-22,4060.15
2023-11-23,4092.33
2023-11-25,4044.51
2023-11-28,3989.89
2023-11-29,3957.77
2023-11-30,3980.67
2023-12-01,4045.22
2023-12-02,3983.15
2023-12-05,3999.91
2023-12-06,4023.21
2023-12-07,3989.55
2023-12-08,3998.51
2023-12-12,3982.50
2023-12-13,3990.88
2023-12-14,3999.43
2023-12-15,3955.88
2023-12-16,3956.76
2023-12-19,3932.59
2023-12-20,3925.77
2023-12-21,3948.54
2023-12-22,3943.03
2023-12-23,3915.43
2023-12-27,3871.45
2023-12-28,3844.81
2023-12-29,3822.05
2024-01-03,3895.53
2024-01-04,3914.60
2024-01-05,3927.64
2024-01-06,3912.93
2024-01-10,3934.13
2024-01-11,3946.39
2024-01-12,3929.79
2024-01-13,3901.38
2024-01-17,3940.85
2024-01-18,3969.50
2024-01-19,3939.89
2024-01-20,3916.39
2024-01-23,3904.49
2024-01-24,3934.62
2024-01-25,3929.95
2024-01-26,3932.96
2024-01-27,3925.26
2024-01-30,3918.93
2024-01-31,3925.60
2024-02-01,3915.56
2024-02-02,3889.05
2024-02-03,3928.11
2024-02-06,3975.74
2024-02-07,3950.57
2024-02-08,3962.23
2024-02-09,3954.68
2024-02-10,3926.08
2024-02-13,3915.28
2024-02-14,3929.00
2024-02-15,3916.61
2024-02-16,3909.89
2024-02-17,3917.84
2024-02-21,3912.97
2024-02-22,3930.26
2024-02-23,3935.64
2024-02-24,3949.36
2024-02-27,3963.08
2024-02-28,3935.59
2024-02-29,3933.56
2024-03-01,3931.31
2024-03-02,3934.82
2024-03-05,3948.67
2024-03-06,3945.32
2024-03-07,3932.55
2024-03-08,3920.79
2024-03-09,3905.45
2024-03-12,3907.81
2024-03-13,3919.86
2024-03-14,3908.02
2024-03-15,3899.39
2024-03-16,3884.64
2024-03-19,3880.59
2024-03-20,3894.37
2024-03-21,3886.94
2024-03-22,3888.02
2024-03-23,3901.51
2024-03-27,3865.97
2024-03-28,3842.30
2024-04-02,3863.05
2024-04-03,3845.22
2024-04-04,3812.13
2024-04-05,3775.37
2024-04-06,3764.23
2024-04-09,3768.80
2024-04-10,3763.43
2024-04-11,3815.44
2024-04-12,3820.10
2024-04-13,3864.97
2024-04-16,3889.58
2024-04-17,3938.11
2024-04-18,3901.94
2024-04-19,3918.23
2024-04-20,3937.13
2024-04-23,3924.82
2024-04-24,3910.01
2024-04-25,3935.65
2024-04-26,3964.59
2024-04-27,3926.02
2024-04-30,3873.44
2024-05-01,3899.07
2024-05-03,3898.62
2024-05-04,3895.41
2024-05-07,3894.23
2024-05-08,3884.84
2024-05-09,3902.63
2024-05-10,3900.38
2024-05-11,3888.21
2024-05-15,3861.82
2024-05-16,3825.42
2024-05-17,3828.98
2024-05-18,3832.26
2024-05-21,3822.39
2024-05-22,3814.94
2024-05-23,3829.59
2024-05-24,3837.58
2024-05-25,3878.07
2024-05-29,3853.09
2024-05-30,3867.02
2024-05-31,3874.32
2024-06-01,3860.92
2024-06-05,3909.65
2024-06-06,3927.91
2024-06-07,3938.53
2024-06-08,3944.14
2024-06-12,3960.83
2024-06-13,4023.26
2024-06-14,4107.52
2024-06-15,4151.55
2024-06-18,4144.63
2024-06-19,4101.87
2024-06-21,4175.96
2024-06-22,4143.72
2024-06-25,4104.38
2024-06-26,4093.66
2024-06-27,4133.61
2024-06-28,4158.10
2024-06-29,4148.04
2024-07-03,4130.03
2024-07-04,4096.09
2024-07-06,4093.72
2024-07-09,4052.99
2024-07-10,4022.05
2024-07-11,3979.91
2024-07-12,3968.87
2024-07-13,3944.97
2024-07-16,3948.41
2024-07-17,3977.63
2024-07-18,4011.19
2024-07-19,4036.73
2024-07-20,4040.20
2024-07-23,4006.01
2024-07-24,4010.53
2024-07-25,4047.66
2024-07-26,4035.00
2024-07-27,4014.56
2024-07-30,4059.91
2024-07-31,4089.05
2024-08-01,4060.34
2024-08-02,4057.14
2024-08-03,4110.37
2024-08-06,4184.30
2024-08-07,4136.27
2024-08-09,4100.79
2024-08-10,4064.51
2024-08-13,4063.26
2024-08-14,4038.87
2024-08-15,4021.10
2024-08-16,4014.18
2024-08-17,4021.63
2024-08-21,4011.37
2024-08-22,4013.98
2024-08-23,4064.03
2024-08-24,4030.52
2024-08-27,4023.92
2024-08-28,4045.64
2024-08-29,4065.34
2024-08-30,4132.11
2024-08-31,4160.31
2024-09-04,4185.80
2024-09-05,4185.82
2024-09-06,4172.50
2024-09-07,4149.79
2024-09-10,4220.68
2024-09-11,4285.61
2024-09-12,4278.28
2024-09-13,4236.63
2024-09-14,4172.13
2024-09-17,4220.58
2024-09-18,4239.33
2024-09-19,4189.46
2024-09-20,4175.10
2024-09-21,4156.89
2024-09-24,4155.31
2024-09-25,4139.43
2024-09-26,4192.74
2024-09-27,4188.11
2024-09-28,4164.21
2024-10-01,4178.30
2024-10-02,4224.21
2024-10-03,4203.43
2024-10-04,4197.73
2024-10-05,4173.66
2024-10-08,4194.97
2024-10-09,4233.54
2024-10-10,4233.17
2024-10-11,4217.40
2024-10-12,4192.56
2024-10-16,4244.84
2024-10-17,4266.20
2024-10-18,4263.17
2024-10-19,4252.15
2024-10-22,4286.96
2024-10-23,4262.30
2024-10-24,4293.91
2024-10-25,4311.83
2024-10-26,4316.73
2024-10-29,4342.90
2024-10-30,4367.39
2024-10-31,4413.46
2024-11-01,4409.57
2024-11-02,4414.00
2024-11-06,4421.86
2024-11-07,4430.40
2024-11-08,4344.55
2024-11-09,4346.70
2024-11-13,4413.79
2024-11-14,4478.21
2024-11-15,4475.57
2024-11-16,4454.68
2024-11-19,4400.69
2024-11-20,4401.34
2024-11-21,4414.06
2024-11-22,4387.09
2024-11-23,4418.58
2024-11-26,4381.99
2024-11-27,4405.96
2024-11-28,4406.16
2024-11-30,4419.59
2024-12-03,4462.97
2024-12-04,4443.53
2024-12-05,4424.56
2024-12-06,4407.13
2024-12-07,4396.52
2024-12-10,4379.71
2024-12-11,4377.34
2024-12-12,4361.22
2024-12-13,4335.20
2024-12-14,4341.32
2024-12-17,4324.19
2024-12-18,4345.32
2024-12-19,4359.11
2024-12-20,4394.50
2024-12-21,4374.62
2024-12-24,4395.44
2024-12-25,4380.94
2024-12-27,4375.86
2024-12-28,4401.98
2024-12-31,4409.15
2025-01-03,4410.50
2025-01-04,4355.51
2025-01-08,4342.31
2025-01-09,4347.42
2025-01-10,4321.19
2025-01-11,4343.48
2025-01-14,4331.23
2025-01-15,4300.24
2025-01-16,4294.11
2025-01-17,4338.15
2025-01-18,4344.27
2025-01-22,4307.07
2025-01-23,4278.01
2025-01-24,4245.65
2025-01-25,4188.46
2025-01-28,4220.86
2025-01-29,4219.00
2025-01-30,4195.60
2025-01-31,4170.01
2025-02-01,4183.93
2025-02-04,4198.66
2025-02-05,4153.54
2025-02-06,4180.06
2025-02-07,4150.99
2025-02-08,4113.70
2025-02-11,4132.93
2025-02-12,4153.80
2025-02-13,4165.07
2025-02-14,4161.46
2025-02-15,4100.66
2025-02-19,4111.38
2025-02-20,4098.67
2025-02-21,4077.56
2025-02-22,4073.56
2025-02-25,4112.63
2025-02-26,4126.54
2025-02-27,4123.10
2025-02-28,4120.11
2025-03-01,4134.04
2025-03-04,4116.61
2025-03-05,4144.18
2025-03-06,4125.63
2025-03-07,4104.56
2025-03-08,4116.80
2025-03-11,4161.96
2025-03-12,4152.76
2025-03-13,4110.08
2025-03-14,4114.18
2025-03-15,4102.67
2025-03-18,4076.70
2025-03-19,4126.03
2025-03-20,4143.14
2025-03-21,4187.72
2025-03-22,4168.82
2025-03-26,4107.14
2025-03-27,4131.42
2025-03-28,4152.59
2025-03-29,4192.57
2025-04-01,4191.79
2025-04-02,4149.24
2025-04-03,4146.07
2025-04-04,4130.01
2025-04-05,4274.03
2025-04-08,4374.53
2025-04-09,4387.98
2025-04-10,4416.69
2025-04-11,4351.55
2025-04-12,4338.36
2025-04-15,4286.17
2025-04-16,4329.90
2025-04-17,4306.54
2025-04-22,4272.83
2025-04-23,4283.22
2025-04-24,4298.31
2025-04-25,4274.57
2025-04-26,4239.62
2025-04-29,4227.32
2025-04-30,4198.83
2025-05-01,4222.25
2025-05-03,4243.80
2025-05-06,4283.62
2025-05-07,4305.02
2025-05-08,4306.79
2025-05-09,4260.22
2025-05-10,4239.23
2025-05-13,4218.60
2025-05-14,4204.63
2025-05-15,4194.18
2025-05-16,4196.66
2025-05-17,4194.28
2025-05-20,4168.03
2025-05-21,4172.76
2025-05-22,4169.47
2025-05-23,4176.54
2025-05-24,4165.41
2025-05-28,4128.15
2025-05-29,4126.44
2025-05-30,4106.79
2025-05-31,4148.72
2025-06-04,4136.71
2025-06-05,4107.85
2025-06-06,4097.66
2025-06-07,4138.72
2025-06-10,4138.53
2025-06-11,4190.90
2025-06-12,4190.61
2025-06-13,4169.13
2025-06-14,4147.34
2025-06-17,4096.44
2025-06-18,4098.83
2025-06-19,4076.32
2025-06-21,4080.06
2025-06-25,4081.15
2025-06-26,4067.64
2025-06-27,4042.87
2025-06-28,4069.67
2025-07-02,4047.71
2025-07-03,4006.46
2025-07-04,3974.37
2025-07-08,4022.29
2025-07-09,4054.13
2025-07-10,4026.09
2025-07-11,4013.50
2025-07-12,4003.90
2025-07-15,4011.79
2025-07-16,4015.04
2025-07-17,4031.86
2025-07-18,4016.44
2025-07-19,4000.61
2025-07-22,4026.27
2025-07-23,4061.36
2025-07-24,4052.86
2025-07-25,4063.31
2025-07-26,4110.48
2025-07-29,4170.59
2025-07-30,4154.79
2025-07-31,4179.69
2025-08-01,4186.71
2025-08-02,4129.42
2025-08-05,4097.38
2025-08-06,4093.12
2025-08-07,4049.35
2025-08-09,4034.74
2025-08-12,4045.87
2025-08-13,4017.12
2025-08-14,4020.64
2025-08-15,4048.74
2025-08-16,4019.24
2025-08-20,4036.42
2025-08-21,4025.51
2025-08-22,4034.18
2025-08-23,4008.70
2025-08-26,4017.44
2025-08-27,4044.51
2025-08-28,4051.97
2025-08-29,4019.09
2025-08-30,4018.41
2025-09-03,4016.94
2025-09-04,4002.86
2025-09-05,3991.09
2025-09-06,3960.94
2025-09-09,3945.29
2025-09-10,3919.13
2025-09-11,3921.58
2025-09-12,3903.18
2025-09-13,3906.24
2025-09-16,3897.57
2025-09-17,3881.92
2025-09-18,3880.01
2025-09-19,3892.45
2025-09-20,3891.19
2025-09-23,3852.16
2025-09-24,3844.47
2025-09-25,3881.26
2025-09-26,3898.87
2025-09-27,3908.12
2025-09-30,3901.29
2025-10-01,3923.55
2025-10-02,3890.00
2025-10-03,3897.64
2025-10-04,3874.18
2025-10-07,3853.19
2025-10-08,3867.54
2025-10-09,3879.80
2025-10-10,3894.99
2025-10-11,3913.24
2025-10-15,3933.31
2025-10-16,3902.16
2025-10-17,3877.07
2025-10-18,3808.12
2025-10-21,3877.26
2025-10-22,3876.60
2025-10-23,3900.82
2025-10-24,3888.76
2025-10-25,3858.63
2025-10-28,3844.20
2025-10-29,3874.84
2025-10-30,3885.29
2025-10-31,3870.42
2025-11-01,3860.12
2025-11-05,3872.47
2025-11-06,3839.47
2025-11-07,3807.06
2025-11-08,3779.20
2025-11-11,3760.93
2025-11-13,3719.71
2025-11-14,3719.60
2025-11-15,3764.77
2025-11-19,3737.55
2025-11-20,3716.73
2025-11-21,3741.27
2025-11-22,3808.77
2025-11-25,3804.09
2025-11-26,3806.16
2025-11-27,3773.60
2025-11-29,3744.43
2025-12-02,3784.43
2025-12-03,3817.66
2025-12-04,3780.80
2025-12-05,3757.92
2025-12-06,3830.02
2025-12-10,3861.34
2025-12-11,3854.28
2025-12-12,3810.99
2025-12-13,3788.53
2025-12-16,3817.59
2025-12-17,3847.10
2025-12-18,3866.77
2025-12-19,3874.71
2025-12-20,3817.93
2025-12-23,3792.59
2025-12-24,3759.48
2025-12-25,3706.94
2025-12-27,3716.05
2025-12-30,3706.97
2025-12-31,3757.08
2026-01-03,3790.77
2026-01-06,3770.03
2026-01-07,3730.26
2026-01-08,3748.83
2026-01-09,3734.67
2026-01-10,3717.09
2026-01-14,3663.24
2026-01-15,3655.16
2026-01-16,3687.32
2026-01-17,3700.05
2026-01-21,3682.97
2026-01-22,3669.15
2026-01-23,3630.33
2026-01-24,3637.88
2026-01-27,3676.02
2026-01-28,3678.59
2026-01-29,3665.97
2026-01-30,3661.29
2026-01-31,3670.47
2026-02-03,3628.16
2026-02-04,3622.00
2026-02-05,3644.93
2026-02-06,3691.75
2026-02-07,3670.20
2026-02-10,3651.90
2026-02-11,3659.71
2026-02-12,3671.01
2026-02-13,3665.78
2026-02-14,3652.89
2026-02-18,3664.26
2026-02-19,3669.21
2026-02-20,3695.72
2026-02-21,3691.34
2026-02-24,3697.36
2026-02-25,3703.28
2026-02-26,3703.69
2026-02-27,3745.78
2026-02-28,3766.30
2026-03-03,3768.73
2026-03-04,3797.64
2026-03-05,3751.41
2026-03-06,3767.94
2026-03-07,3795.55
2026-03-10,3744.84
2026-03-11,3710.50
2026-03-12,3687.87
2026-03-13,3700.46
2026-03-14,3685.53
2026-03-17,3691.90
2026-03-18,3689.97
2026-03-19,3704.17
2026-03-20,3692.48
2026-03-21,3704.87
2026-03-25,3700.67
2026-03-26,3688.46
2026-03-27,3675.29
2026-03-28,3668.89
2026-03-31,3669.96
2026-04-01,3660.10
2026-04-02,3675.81
2026-04-07,3664.41
2026-04-08,3678.19
2026-04-09,3640.63
2026-04-10,3642.93
2026-04-11,3631.49
2026-04-14,3608.10
2026-04-15,3578.82
2026-04-16,3603.19
2026-04-17,3615.10
2026-04-18,3593.14
2026-04-21,3573.30
2026-04-22,3576.05
2026-04-23,3568.88
2026-04-24,3560.62
2026-04-25,3551.17
2026-04-28,3593.17
2026-04-29,3633.76
2026-04-30,3621.86
2026-05-01,3637.51
2026-05-05,3707.58
2026-05-06,3723.33
2026-05-07,3706.44
2026-05-08,3729.27
2026-05-09,3747.10
2026-05-12,3759.00
2026-05-13,3775.07
2026-05-14,3794.91
2026-05-15,3784.70
2026-05-16,3796.78
2026-05-20,3796.87
2026-05-21,3730.49
2026-05-22,3701.37
2026-05-23,3667.06
2026-05-27,3644.47
2026-05-28,3631.57
2026-05-29,3646.58
2026-05-30,3678.15
2026-06-02,3560.24
2026-06-03,3562.00
2026-06-04,3572.85
2026-06-05,3565.32